Index,Title
1,60. Esposizione Internazionale d’Arte: Stranieri Ovunque
2,59. Esposizione Internazionale d’Arte: Il latte dei sogni
3,58. Esposizione Internazionale d’Arte : May You Live In Interesting Times
4,57. Esposizione Internazionale d'Arte : Viva arte viva
5,56. Esposizione Internazionale d’Arte : All the World’s Futures
6,55. Esposizione Internazionale d'Arte : Il Palazzo Enciclopedico
7,54. Esposizione Internazionale d'Arte : ILLUMInazioni
8,53. Esposizione Internazionale d'Arte : Fare Mondi
9,"52. Esposizione Internazionale d'Arte : Pensa con i sensi, senti con la mente: l'arte al presente"
10,51. Esposizione Internazionale d'Arte - L'esperienza dell'arte | Sempre un po' più lontano
11,50. Esposizione Internazionale d'Arte : Sogni e Conflitti - La dittatura dello spettatore
12,49. Esposizione Internazionale d'Arte : Platea dell'Umanità - Plateau of Humankind - Plateau der Menschheit - Plateau de L'Humanité
13,48. Esposizione Internazionale d'Arte : dAPERTutto/APERTO overALL/Aperto parTOUT/Aperto uber all
14,47. Esposizione Internazionale d'Arte
15,46. Esposizione Internazionale d'Arte
16,45. Esposizione Internazionale d'Arte : punti cardinali dell'arte
17,44. Esposizione Internazionale d'Arte : Dimensione Futuro - L'artista e lo Spazio
18,43. Esposizione Internazionale d'Arte : il luogo degli artisti
19,42. Esposizione Internazionale d'Arte : arte e scienza
20,"41. Esposizione Internazionale d'Arte: Arte e Arti, Attualità e Storia"
21,40. Esposizione Internazionale d'Arte: arti visive '82
22,39. Biennale arti visive 1980
23,38. Esposizione Internazionale d'Arte: dalla natura all'arte dall'arte alla natura
24,"La Biennale di Venezia 1976 : Ambiente, partecipazione, strutture culturali"
25,La Biennale un laboratorio internazionale : Settore Arti Visive e Architettura - Proposte per il Mulino Stucky
26,La Biennale per una cultura democratica e antifascista : Settore Arti Visive e Architettura - Cinema Città Avanguardia 1919-1939
27,36. Esposizione Biennale Internazionale d'Arte
28,35. Biennale Internazionale d'Arte
29,34. Esposizione Biennale Internazionale d'Arte
30,33. Esposizione Biennale Internazionale d'Arte
31,32. Esposizione Biennale Internazionale d'Arte
32,31. Esposizione Biennale Internazionale d'Arte
33,30. Biennale Internazionale d'Arte
34,29. Esposizione Biennale Internazionale d'Arte
35,28. Esposizione Biennale Internazionale d'Arte
36,27. Esposizione Biennale Internazionale d'Arte
37,26. Biennale di Venezia
38,25. Esposizione Biennale Internazionale d'Arte
39,24. Biennale di Venezia
40,23. Esposizione Biennale Internazionale d'Arte
41,22. Esposizione Biennale Internazionale d'Arte
42,21. Esposizione Biennale Internazionale d'Arte
43,20. Esposizione Biennale Internazionale d'Arte
44,Mostra dei quarant'anni della Biennale
45,19. Esposizione Biennale Internazionale d'Arte
46,18. Esposizione Biennale Internazionale d'Arte
47,17. Esposizione Biennale Internazionale d'Arte
48,16. Esposizione Internazionale d'Arte della Città di Venezia
49,15. Esposizione Internazionale d'Arte della Città di Venezia
50,14. Esposizione Internazionale d'Arte della Città di Venezia
51,13. Esposizione Internazionale d'Arte della Città di Venezia
52,12. Esposizione Internazionale d'Arte della Città di Venezia
53,11. Esposizione Internazionale d'Arte della Città di Venezia
54,10. Esposizione Internazionale d'Arte della Città di Venezia
55,9. Esposizione Internazionale d'Arte della Città di Venezia
56,8. Esposizione Internazionale d'Arte della Città di Venezia
57,7. Esposizione Internazionale d'Arte della Città di Venezia
58,6. Esposizione Internazionale d'Arte della Città di Venezia
59,5. Esposizione Internazionale d'Arte della Città di Venezia
60,4. Esposizione Internazionale d'Arte della Città di Venezia
61,3. Esposizione Internazionale d'Arte della Città di Venezia
62,2. Esposizione Internazionale d'Arte della Città di Venezia
63,Prima Esposizione Internazionale d'Arte della Città di Venezia
